{"cameraMode":{"drawMode":0,"name":"Shaded","section":"Shading Mode"},"sceneLighting":false,"audioPlay":false,"sceneViewState":{"showFog":false,"showMaterialUpdate":false,"showSkybox":false,"showFlares":false,"showImageEffects":false,"showParticleSystems":false},"in2DMode":false,"pivot":{"x":-6.30391788482666,"y":-1.363160252571106,"z":142.5496826171875},"rotation":{"x":0.056971244513988498,"y":-0.942855715751648,"z":0.24125303328037263,"w":0.2226531207561493},"size":153.1261444091797,"orthographic":false}